,kappa,theta_a,theta_b,sigma,error_kappa,error_theta_a,error_theta_b,error_sigma
0,0.01,1e-06,0.005,0.5,92.84718,3073.91911,100.00000,0.22710
1,0.01,1e-06,0.01,0.5,1140.59671,99.99996,42342.45854,0.11238
2,0.01,1e-06,0.02,0.5,753.54204,313.17581,7385.06749,0.53502
3,0.01,1e-06,0.05,0.5,298.61348,97.12932,3599.43431,0.53720
4,0.01,1e-06,0.1,0.5,757.07181,36.30317,1237.65892,0.25151
5,0.01,1e-06,0.5,0.5,509.60312,99.99923,265.57098,1.67333
6,0.01,1e-05,0.005,0.5,169.54743,100.00000,100.00000,0.44918
7,0.01,1e-05,0.01,0.5,411.55673,100.00000,100.00000,0.28776
8,0.01,1e-05,0.02,0.5,911.07737,70.32249,6817.71702,0.85757
9,0.01,1e-05,0.05,0.5,530.75884,100.00000,100.00000,0.69874
10,0.01,1e-05,0.1,0.5,99.98342,18.05726,100.00000,0.01548
11,0.01,1e-05,0.5,0.5,47.97904,99.99994,100.00000,1.37572
12,0.01,5e-05,0.005,0.5,99.98519,70.33932,31707.98965,0.15664
13,0.01,5e-05,0.01,0.5,970.35679,90.94114,19193.27849,0.69228
14,0.01,5e-05,0.02,0.5,99.98994,22.73119,100.00000,0.38062
15,0.01,5e-05,0.05,0.5,763.25002,99.33877,375.03709,0.52398
16,0.01,5e-05,0.1,0.5,1249.14168,98.53030,1129.00895,0.59623
17,0.01,5e-05,0.5,0.5,8.41881,68.11755,100.00000,0.37321
18,0.01,0.0001,0.005,0.5,528.72124,100.00000,14112.80051,0.70293
19,0.01,0.0001,0.01,0.5,579.26507,100.00000,20662.85225,0.44295
20,0.01,0.0001,0.02,0.5,2205.84120,100.00000,6174.79399,0.17764
21,0.01,0.0001,0.05,0.5,174.09324,99.99998,3456.13839,1.04104
22,0.01,0.0001,0.1,0.5,488.15615,97.17542,3.01226,0.89263
23,0.01,0.0001,0.5,0.5,235.52694,93.49410,31.07734,1.38677
24,0.01,0.0005,0.005,0.5,333.03104,100.00000,11705.74801,0.26008
25,0.01,0.0005,0.01,0.5,584.58198,99.53188,23289.53703,0.00073
26,0.01,0.0005,0.02,0.5,99.98984,97.04563,10456.27627,0.19337
27,0.01,0.0005,0.05,0.5,854.84333,99.59784,6168.05644,0.28769
28,0.01,0.0005,0.1,0.5,99.96409,30551.50992,100.00000,0.69969
29,0.01,0.0005,0.5,0.5,99.99000,81.76959,100.00000,0.96488
30,0.01,0.001,0.005,0.5,99.96040,15999.11823,100.00000,1.10365
31,0.01,0.001,0.01,0.5,432.03656,100.00000,8725.66276,0.20711
32,0.01,0.001,0.02,0.5,620.70199,99.71527,3236.24036,0.45567
33,0.01,0.001,0.05,0.5,99.99000,97.67057,100.00000,0.85294
34,0.01,0.001,0.1,0.5,247.62917,99.27964,1033.14743,0.34544
35,0.01,0.001,0.5,0.5,2581.18474,100.00000,61.30765,1.56598
36,0.01,0.01,0.005,0.5,1368.47454,99.93859,59326.57683,0.32694
37,0.01,0.01,0.01,0.5,1192.35747,99.95382,6464.87826,0.27110
38,0.01,0.01,0.02,0.5,909.16176,99.94382,3268.60251,0.79808
39,0.01,0.01,0.05,0.5,87.86788,99.73537,100.00000,0.27047
40,0.01,0.01,0.1,0.5,99.98997,99.60961,100.00000,0.94083
41,0.01,0.01,0.5,0.5,297.26802,99.90527,100.00000,0.53955
42,0.01,0.1,0.005,0.5,549.21865,99.99070,116904.46604,1.63682
43,0.01,0.1,0.01,0.5,267.35600,99.98181,32312.29858,1.62822
44,0.01,0.1,0.02,0.5,858.00271,99.99657,5005.14900,0.75106
45,0.01,0.1,0.05,0.5,241.96407,100.00000,33.20995,0.71720
46,0.01,0.1,0.1,0.5,754.69557,99.99464,45.23193,0.82105
47,0.01,0.1,0.5,0.5,99.98997,99.96931,100.00000,0.85804
48,0.01,1e-06,0.005,2.0,119.03410,3479.04280,34300.31856,0.97597
49,0.01,1e-06,0.01,2.0,150.50556,4762.27522,38936.20225,0.43049
50,0.01,1e-06,0.02,2.0,236.88536,124.89640,53980.85205,0.46397
51,0.01,1e-06,0.05,2.0,402.44344,99.99998,37286.23484,1.41108
52,0.01,1e-06,0.1,2.0,13.82012,100.00000,100.00000,0.77242
53,0.01,1e-06,0.5,2.0,750.87222,2622.29784,585.97302,0.22427
54,0.01,1e-05,0.005,2.0,412.11973,100.00000,100.00000,0.77439
55,0.01,1e-05,0.01,2.0,637.05590,82.80380,50745.04764,0.01564
56,0.01,1e-05,0.02,2.0,278.91781,276.20183,54669.71687,0.34191
57,0.01,1e-05,0.05,2.0,342.54473,133.59263,15541.21759,0.58401
58,0.01,1e-05,0.1,2.0,877.24496,47.44971,8611.56441,0.08411
59,0.01,1e-05,0.5,2.0,99.98996,2666.04646,100.00000,0.98495
60,0.01,5e-05,0.005,2.0,192.21633,90.95925,100.00000,0.03336
61,0.01,5e-05,0.01,2.0,392.26736,99.97653,100.00000,0.25825
62,0.01,5e-05,0.02,2.0,583.92036,15.28486,71509.02804,0.21419
63,0.01,5e-05,0.05,2.0,44.58260,100.00000,100.00000,0.41044
64,0.01,5e-05,0.1,2.0,1150.85892,100.00000,6611.30154,0.31474
65,0.01,5e-05,0.5,2.0,99.93549,786461.15548,100.00000,0.09175
66,0.01,0.0001,0.005,2.0,21.65253,99.99997,100.00000,1.19297
67,0.01,0.0001,0.01,2.0,323.38911,82.57146,100.00000,0.46818
68,0.01,0.0001,0.02,2.0,65.06699,40.83072,100.00000,0.80162
69,0.01,0.0001,0.05,2.0,350.64871,100.00000,4874.21733,1.38527
70,0.01,0.0001,0.1,2.0,601.88517,86.92721,100.00000,0.06397
71,0.01,0.0001,0.5,2.0,958.83227,100.00000,349.21190,0.87205
72,0.01,0.0005,0.005,2.0,99.99000,41.37929,100.00000,0.33731
73,0.01,0.0005,0.01,2.0,475.56060,94.07825,39132.96984,0.47268
74,0.01,0.0005,0.02,2.0,1593.97094,93.36428,11831.49934,0.21657
75,0.01,0.0005,0.05,2.0,389.65898,97.49028,5002.46838,0.19740
76,0.01,0.0005,0.1,2.0,305.43852,100.00000,100.00000,0.27625
77,0.01,0.0005,0.5,2.0,50.27888,100.00000,772.19729,0.66723
78,0.01,0.001,0.005,2.0,973.59459,99.76073,207974.72048,0.17248
79,0.01,0.001,0.01,2.0,99.91558,36290.90252,100.00000,0.36743
80,0.01,0.001,0.02,2.0,1840.46962,99.02498,10906.52897,0.59041
81,0.01,0.001,0.05,2.0,99.95309,50326.69625,100.00000,1.27131
82,0.01,0.001,0.1,2.0,175.69752,95.39000,100.00000,0.22374
83,0.01,0.001,0.5,2.0,499.40066,100.00000,69.18219,0.95134
84,0.01,0.01,0.005,2.0,481.65993,99.92910,100.00000,0.44500
85,0.01,0.01,0.01,2.0,54.14393,97.75776,100.00000,0.97520
86,0.01,0.01,0.02,2.0,876.89203,99.84457,48724.84691,1.39965
87,0.01,0.01,0.05,2.0,541.72142,99.65206,5379.23869,0.48607
88,0.01,0.01,0.1,2.0,1282.93520,99.83244,5622.89304,0.91362
89,0.01,0.01,0.5,2.0,99.98976,98.60207,1920.91899,1.32342
90,0.01,0.1,0.005,2.0,99.98993,99.89908,100.00000,0.74221
91,0.01,0.1,0.01,2.0,1126.05484,99.99764,69687.38572,1.01235
92,0.01,0.1,0.02,2.0,346.65169,99.98877,100.00000,0.18487
93,0.01,0.1,0.05,2.0,658.75844,100.00000,100.00000,0.18912
94,0.01,0.1,0.1,2.0,718.69360,99.99586,2655.40450,0.62656
95,0.01,0.1,0.5,2.0,6.53510,99.98758,100.00000,0.27190
96,0.02,1e-06,0.005,0.5,99.99467,1837.53053,23071.39640,0.02748
97,0.02,1e-06,0.01,0.5,99.99454,2311.85638,100.00000,1.17455
98,0.02,1e-06,0.02,0.5,42.02400,99.99939,100.00000,0.33657
99,0.02,1e-06,0.05,0.5,318.92697,100.00000,100.00000,0.07941
100,0.02,1e-06,0.1,0.5,128.59998,99.99993,100.00000,1.14238
101,0.02,1e-06,0.5,0.5,99.97662,12452162.73774,100.00000,0.30222
102,0.02,1e-05,0.005,0.5,99.99452,137.25825,100.00000,0.84852
103,0.02,1e-05,0.01,0.5,106.09872,100.00000,100.00000,0.42088
104,0.02,1e-05,0.02,0.5,321.84603,100.00000,2788.60575,0.32812
105,0.02,1e-05,0.05,0.5,221.87334,100.00000,1556.42342,0.02655
106,0.02,1e-05,0.1,0.5,30.83185,100.00000,100.00000,0.22489
107,0.02,1e-05,0.5,0.5,628.15653,45.86849,99.99998,0.85532
108,0.02,5e-05,0.005,0.5,332.20614,100.00000,21452.49170,0.18915
109,0.02,5e-05,0.01,0.5,15.29324,100.00000,100.00000,0.59987
110,0.02,5e-05,0.02,0.5,126.49839,100.00000,100.00000,0.76968
111,0.02,5e-05,0.05,0.5,198.11076,100.00000,100.00000,0.51058
112,0.02,5e-05,0.1,0.5,221.57980,100.00000,100.00000,0.43036
113,0.02,5e-05,0.5,0.5,99.99499,54.16398,100.00000,1.14897
114,0.02,0.0001,0.005,0.5,399.72635,99.81311,16190.68745,0.44822
115,0.02,0.0001,0.01,0.5,229.56141,99.99998,100.00000,0.01140
116,0.02,0.0001,0.02,0.5,25.89085,100.00000,100.00000,0.97523
117,0.02,0.0001,0.05,0.5,99.81637,100.00000,100.00000,1.30481
118,0.02,0.0001,0.1,0.5,107.02887,100.00000,733.85253,0.21034
119,0.02,0.0001,0.5,0.5,25.20338,100.00000,164.93951,0.29578
120,0.02,0.0005,0.005,0.5,232.29979,100.00000,100.00000,1.55049
121,0.02,0.0005,0.01,0.5,313.90625,100.00000,100.00000,0.03622
122,0.02,0.0005,0.02,0.5,59.45464,98.07976,100.00000,0.25290
123,0.02,0.0005,0.05,0.5,165.75411,100.00000,1978.54238,0.76989
124,0.02,0.0005,0.1,0.5,222.29842,100.00000,543.62457,0.90777
125,0.02,0.0005,0.5,0.5,113.18690,99.17552,14.56943,0.83742
126,0.02,0.001,0.005,0.5,47.62246,99.25802,100.00000,0.88354
127,0.02,0.001,0.01,0.5,541.24241,99.98953,6013.53553,0.11796
128,0.02,0.001,0.02,0.5,347.47187,99.45497,2045.99435,1.06309
129,0.02,0.001,0.05,0.5,232.82974,99.40263,262.72191,0.28775
130,0.02,0.001,0.1,0.5,98.21529,99.36533,100.00000,1.51680
131,0.02,0.001,0.5,0.5,99.96997,12663.14517,100.00000,0.90036
132,0.02,0.01,0.005,0.5,486.22858,100.00000,12104.26490,0.63954
133,0.02,0.01,0.01,0.5,858.56512,99.98811,22793.22821,1.03533
134,0.02,0.01,0.02,0.5,99.98980,99.85269,4195.33262,0.69233
135,0.02,0.01,0.05,0.5,282.60880,99.95359,4586.64850,0.24018
136,0.02,0.01,0.1,0.5,32.36677,100.00000,100.00000,0.71281
137,0.02,0.01,0.5,0.5,670.91910,99.97056,33.96697,0.22349
138,0.02,0.1,0.005,0.5,21.09569,99.97225,11367.22607,0.03947
139,0.02,0.1,0.01,0.5,32.72975,99.98925,30476.37973,0.99674
140,0.02,0.1,0.02,0.5,153.49579,99.98914,21684.74703,0.50241
141,0.02,0.1,0.05,0.5,138.70498,99.98812,3129.23613,0.47387
142,0.02,0.1,0.1,0.5,108.17393,99.99169,100.00000,0.27608
143,0.02,0.1,0.5,0.5,95.08856,99.99214,254.00149,1.19649
144,0.02,1e-06,0.005,2.0,46.11336,100.00000,100.00000,0.42031
145,0.02,1e-06,0.01,2.0,37.81858,1759.78275,100.00000,0.35412
146,0.02,1e-06,0.02,2.0,40.52453,100.00000,100.00000,0.02368
147,0.02,1e-06,0.05,2.0,99.99500,27027941.62269,100.00000,0.01716
148,0.02,1e-06,0.1,2.0,58.32749,9456.94957,100.00000,0.28341
149,0.02,1e-06,0.5,2.0,412.82954,196.66370,1019.21737,0.82520
150,0.02,1e-05,0.005,2.0,99.99488,1354.08284,119979.89572,1.47588
151,0.02,1e-05,0.01,2.0,112.74782,82.43970,19879.03774,0.84450
152,0.02,1e-05,0.02,2.0,326.30838,100.00000,100.00000,0.36939
153,0.02,1e-05,0.05,2.0,29.59484,100.00000,100.00000,0.97977
154,0.02,1e-05,0.1,2.0,286.29540,23.56988,340.88247,0.14662
155,0.02,1e-05,0.5,2.0,377.28041,99.99996,478.83428,0.12099
156,0.02,5e-05,0.005,2.0,99.98057,928805.04651,100.00000,1.04340
157,0.02,5e-05,0.01,2.0,207.18119,4.37696,99.99783,0.42811
158,0.02,5e-05,0.02,2.0,98.17306,100.00000,100.00000,0.78296
159,0.02,5e-05,0.05,2.0,626.07520,70.52519,99.99982,0.53359
160,0.02,5e-05,0.1,2.0,230.18179,100.00000,9316.76208,0.36598
161,0.02,5e-05,0.5,2.0,191.94545,100.00000,100.00000,1.39366
162,0.02,0.0001,0.005,2.0,157.17983,100.00000,100.00000,0.84796
163,0.02,0.0001,0.01,2.0,97.81981,184.28503,100.00000,0.52185
164,0.02,0.0001,0.02,2.0,275.33992,100.00000,100.00000,0.80345
165,0.02,0.0001,0.05,2.0,98.18526,77.93835,100.00000,1.44417
166,0.02,0.0001,0.1,2.0,20.17466,99.99999,100.00000,0.30049
167,0.02,0.0001,0.5,2.0,91.98780,69.37575,100.00000,0.60707
168,0.02,0.0005,0.005,2.0,99.99500,64.88223,100.00000,0.07605
169,0.02,0.0005,0.01,2.0,99.99499,66.47847,100.00000,0.19727
170,0.02,0.0005,0.02,2.0,208.88243,99.32450,100.00000,0.62420
171,0.02,0.0005,0.05,2.0,394.18135,100.00000,20387.30292,0.51425
172,0.02,0.0005,0.1,2.0,43.10588,100.00000,100.00000,0.98784
173,0.02,0.0005,0.5,2.0,320.05525,97.16997,718.06188,0.19256
174,0.02,0.001,0.005,2.0,228.46416,94.19323,99.99852,1.88088
175,0.02,0.001,0.01,2.0,219.50726,99.57824,100.00000,0.96139
176,0.02,0.001,0.02,2.0,140.40385,98.89469,27326.83400,0.16272
177,0.02,0.001,0.05,2.0,99.96653,43175.72388,100.00000,0.05858
178,0.02,0.001,0.1,2.0,654.48149,97.84677,62.46931,0.50287
179,0.02,0.001,0.5,2.0,99.99496,90.95752,100.00000,0.04337
180,0.02,0.01,0.005,2.0,319.31655,99.69705,185005.25934,0.71098
181,0.02,0.01,0.01,2.0,65.54608,99.00096,100.00000,0.33371
182,0.02,0.01,0.02,2.0,84.00214,100.00000,100.00000,0.15925
183,0.02,0.01,0.05,2.0,32.56185,100.00000,100.00000,0.91305
184,0.02,0.01,0.1,2.0,457.87043,99.98158,100.00000,0.24147
185,0.02,0.01,0.5,2.0,140.89491,100.00000,100.00000,0.05364
186,0.02,0.1,0.005,2.0,175.59542,99.97471,52891.96605,1.40938
187,0.02,0.1,0.01,2.0,299.45529,99.99578,78634.14900,0.97815
188,0.02,0.1,0.02,2.0,96.94890,99.95510,44913.41190,0.74838
189,0.02,0.1,0.05,2.0,340.96029,99.96482,100.00000,0.28079
190,0.02,0.1,0.1,2.0,239.30608,100.00000,100.00000,1.66118
191,0.02,0.1,0.5,2.0,99.99485,99.91426,100.00000,0.24267
192,0.05,1e-06,0.005,0.5,212.26890,65.57272,100.00000,0.23792
193,0.05,1e-06,0.01,0.5,25.94964,100.00000,100.00000,0.10279
194,0.05,1e-06,0.02,0.5,38.86036,73.75304,100.00000,1.14691
195,0.05,1e-06,0.05,0.5,186.93446,54.25850,1794.76109,0.18344
196,0.05,1e-06,0.1,0.5,62.64603,99.99998,2128.63627,1.07695
197,0.05,1e-06,0.5,0.5,222.33391,122.60848,100.00000,0.83769
198,0.05,1e-05,0.005,0.5,55.98843,82.02844,100.00000,0.56741
199,0.05,1e-05,0.01,0.5,51.93422,99.99996,2669.98317,0.10632
200,0.05,1e-05,0.02,0.5,162.13994,83.99617,100.00000,0.63487
201,0.05,1e-05,0.05,0.5,17.49357,44.93678,100.00000,0.95269
202,0.05,1e-05,0.1,0.5,18.67069,85.35916,100.00000,1.17923
203,0.05,1e-05,0.5,0.5,224.42751,100.00000,100.00000,0.42067
204,0.05,5e-05,0.005,0.5,35.51423,95.19413,100.00000,0.42981
205,0.05,5e-05,0.01,0.5,99.99797,59.29461,100.00000,0.28024
206,0.05,5e-05,0.02,0.5,191.64180,93.33546,910.62787,0.61473
207,0.05,5e-05,0.05,0.5,170.23421,99.36950,1370.91682,0.02163
208,0.05,5e-05,0.1,0.5,351.74628,100.00000,100.00000,0.45273
209,0.05,5e-05,0.5,0.5,8.78520,91.68867,100.00000,0.86551
210,0.05,0.0001,0.005,0.5,55.00403,100.00000,100.00000,0.82636
211,0.05,0.0001,0.01,0.5,63.62116,100.00000,8424.48625,0.59298
212,0.05,0.0001,0.02,0.5,40.20745,98.52928,6133.03430,1.17929
213,0.05,0.0001,0.05,0.5,23.27519,100.00000,3897.22952,0.08264
214,0.05,0.0001,0.1,0.5,233.78755,100.00000,390.22395,0.49873
215,0.05,0.0001,0.5,0.5,20.23568,100.00000,71.63358,1.09612
216,0.05,0.0005,0.005,0.5,15.08226,99.02682,100.00000,0.96728
217,0.05,0.0005,0.01,0.5,42.19924,99.99999,29.59024,0.23991
218,0.05,0.0005,0.02,0.5,71.01029,100.00000,2054.88316,0.30791
219,0.05,0.0005,0.05,0.5,111.09885,100.00000,712.50585,0.11443
220,0.05,0.0005,0.1,0.5,154.53664,100.00000,286.50980,1.39374
221,0.05,0.0005,0.5,0.5,111.84892,99.23308,87.22906,0.40456
222,0.05,0.001,0.005,0.5,7.15440,100.00000,38817.73952,0.11983
223,0.05,0.001,0.01,0.5,45.58207,100.00000,100.00000,0.35550
224,0.05,0.001,0.02,0.5,29.81986,99.65257,100.00000,0.93841
225,0.05,0.001,0.05,0.5,69.77661,99.90850,4229.11682,0.21543
226,0.05,0.001,0.1,0.5,99.99730,99.02886,100.00000,0.41048
227,0.05,0.001,0.5,0.5,99.27747,100.00000,100.00000,0.26512
228,0.05,0.01,0.005,0.5,55.54506,99.96683,12660.72918,0.60776
229,0.05,0.01,0.01,0.5,19.04738,99.98427,100.00000,0.56753
230,0.05,0.01,0.02,0.5,37.12022,100.00000,3807.42685,0.35619
231,0.05,0.01,0.05,0.5,34.29808,99.97584,100.00000,1.24036
232,0.05,0.01,0.1,0.5,102.60376,100.00000,712.54084,1.01394
233,0.05,0.01,0.5,0.5,190.43512,99.98010,182.93976,0.43573
234,0.05,0.1,0.005,0.5,3.52231,99.98554,70194.63015,0.09886
235,0.05,0.1,0.01,0.5,65.46030,99.99232,32287.82183,1.59332
236,0.05,0.1,0.02,0.5,34.46437,99.99037,14868.79250,0.19678
237,0.05,0.1,0.05,0.5,37.30512,99.97391,7379.50876,0.49946
238,0.05,0.1,0.1,0.5,59.19018,99.99154,3145.06650,0.60355
239,0.05,0.1,0.5,0.5,278.91712,99.98886,320.88648,0.02945
240,0.05,1e-06,0.005,2.0,41.99764,100.00000,100.00000,1.09356
241,0.05,1e-06,0.01,2.0,118.74579,99.99999,100.00000,0.22314
242,0.05,1e-06,0.02,2.0,125.54171,22.09786,5082.82801,0.05554
243,0.05,1e-06,0.05,2.0,2.70888,989.31812,100.00000,0.46862
244,0.05,1e-06,0.1,2.0,4.72950,100.00000,100.00000,0.11257
245,0.05,1e-06,0.5,2.0,97.34796,99.99996,100.00000,1.21072
246,0.05,1e-05,0.005,2.0,11.19732,40.68724,100.00000,0.58931
247,0.05,1e-05,0.01,2.0,99.99595,928.86020,30073.80928,1.31983
248,0.05,1e-05,0.02,2.0,12.54950,57.00130,100.00000,0.36166
249,0.05,1e-05,0.05,2.0,67.99779,100.00000,100.00000,0.70600
250,0.05,1e-05,0.1,2.0,30.59329,107.24036,100.00000,0.78966
251,0.05,1e-05,0.5,2.0,16.36858,33.06109,284.59320,0.88412
252,0.05,5e-05,0.005,2.0,135.77330,100.00000,100.00000,0.02115
253,0.05,5e-05,0.01,2.0,78.36237,100.00000,100.00000,0.11917
254,0.05,5e-05,0.02,2.0,205.34887,92.18559,8360.45919,1.17613
255,0.05,5e-05,0.05,2.0,29.42823,72.51839,1145.27874,1.28495
256,0.05,5e-05,0.1,2.0,62.31493,100.00000,3945.39170,0.94183
257,0.05,5e-05,0.5,2.0,0.22099,99.99993,301.00832,0.82266
258,0.05,0.0001,0.005,2.0,85.68461,88.74278,38294.01210,0.50104
259,0.05,0.0001,0.01,2.0,162.42047,100.00000,44282.83411,0.25111
260,0.05,0.0001,0.02,2.0,22.89603,100.00000,100.00000,1.24843
261,0.05,0.0001,0.05,2.0,5.07234,100.00000,100.00000,0.81504
262,0.05,0.0001,0.1,2.0,12.37106,84.85547,100.00000,0.35435
263,0.05,0.0001,0.5,2.0,124.52720,89.35709,668.88954,0.34487
264,0.05,0.0005,0.005,2.0,66.44409,100.00000,100.00000,1.12458
265,0.05,0.0005,0.01,2.0,159.58473,100.00000,1636.28907,1.33894
266,0.05,0.0005,0.02,2.0,115.53983,97.66004,4942.95518,0.43507
267,0.05,0.0005,0.05,2.0,128.03700,100.00000,7907.88683,0.99204
268,0.05,0.0005,0.1,2.0,245.88140,99.28988,2075.67229,1.71814
269,0.05,0.0005,0.5,2.0,195.90464,96.66128,100.00000,0.50640
270,0.05,0.001,0.005,2.0,256.54103,99.39782,41363.54022,0.26338
271,0.05,0.001,0.01,2.0,14.14902,100.00000,100.00000,0.07011
272,0.05,0.001,0.02,2.0,62.56272,97.79168,100.00000,0.73484
273,0.05,0.001,0.05,2.0,154.19658,100.00000,100.00000,0.18471
274,0.05,0.001,0.1,2.0,99.99800,88.86844,100.00000,0.44579
275,0.05,0.001,0.5,2.0,123.60485,99.84609,100.00000,0.04770
276,0.05,0.01,0.005,2.0,99.99490,99.17742,8111.20191,1.02358
277,0.05,0.01,0.01,2.0,13.13898,99.93337,100.00000,0.41646
278,0.05,0.01,0.02,2.0,3.31801,100.00000,100.00000,0.42465
279,0.05,0.01,0.05,2.0,41.46821,99.86632,100.00000,0.00030
280,0.05,0.01,0.1,2.0,754.12998,99.99511,350.11093,0.25028
281,0.05,0.01,0.5,2.0,185.79927,100.00000,30.92127,0.01142
282,0.05,0.1,0.005,2.0,449.90582,99.99955,145132.43915,0.03491
283,0.05,0.1,0.01,2.0,90.29810,100.00000,80980.19842,0.16603
284,0.05,0.1,0.02,2.0,182.22008,99.99769,33070.65395,0.23995
285,0.05,0.1,0.05,2.0,29.37409,99.98634,10306.06124,0.69737
286,0.05,0.1,0.1,2.0,20.47895,99.99715,4090.45068,1.31455
287,0.05,0.1,0.5,2.0,2.18983,99.96018,592.29902,0.20880
288,0.1,1e-06,0.005,0.5,40.06372,70.53846,2490.10113,0.75954
289,0.1,1e-06,0.01,0.5,45.20940,100.00000,100.00000,1.92436
290,0.1,1e-06,0.02,0.5,40.35164,6.05331,5129.60438,0.62304
291,0.1,1e-06,0.05,0.5,131.04380,100.00000,100.00000,0.28956
292,0.1,1e-06,0.1,0.5,6.11515,100.00000,16.08341,0.35905
293,0.1,1e-06,0.5,0.5,149.79908,47.55272,70.29036,0.36767
294,0.1,1e-05,0.005,0.5,112.09893,100.00000,1946.21707,0.35915
295,0.1,1e-05,0.01,0.5,24.56700,84.99319,100.00000,0.78588
296,0.1,1e-05,0.02,0.5,17.51182,100.00000,100.00000,0.09292
297,0.1,1e-05,0.05,0.5,11.30492,99.99922,540.23348,0.89972
298,0.1,1e-05,0.1,0.5,65.24377,89.77559,529.12488,0.67815
299,0.1,1e-05,0.5,0.5,48.92520,30.40719,22.25825,1.04987
300,0.1,5e-05,0.005,0.5,31.91666,100.00000,12972.01947,1.06195
301,0.1,5e-05,0.01,0.5,50.56986,100.00000,100.00000,0.16825
302,0.1,5e-05,0.02,0.5,37.28498,98.26310,100.00000,0.21826
303,0.1,5e-05,0.05,0.5,22.11242,100.00000,100.00000,0.21280
304,0.1,5e-05,0.1,0.5,180.78573,100.00000,100.00000,1.19510
305,0.1,5e-05,0.5,0.5,31.97447,100.00000,36.67648,0.04632
306,0.1,0.0001,0.005,0.5,12.07582,97.33681,7227.85884,1.54155
307,0.1,0.0001,0.01,0.5,35.37441,100.00000,100.00000,0.23208
308,0.1,0.0001,0.02,0.5,122.82962,97.53401,4293.38778,0.18345
309,0.1,0.0001,0.05,0.5,30.95985,99.99999,69.62904,0.85690
310,0.1,0.0001,0.1,0.5,10.67613,100.00000,100.00000,0.36343
311,0.1,0.0001,0.5,0.5,27.53295,97.32012,40.61363,0.20162
312,0.1,0.0005,0.005,0.5,16.19627,99.68150,100.00000,0.72095
313,0.1,0.0005,0.01,0.5,31.62345,99.86749,73.34448,0.91074
314,0.1,0.0005,0.02,0.5,2.43441,99.65108,100.00000,0.07663
315,0.1,0.0005,0.05,0.5,96.11030,100.00000,368.17053,0.51700
316,0.1,0.0005,0.1,0.5,13.82270,100.00000,38.87469,0.36493
317,0.1,0.0005,0.5,0.5,67.61023,99.92315,25.53857,1.03953
318,0.1,0.001,0.005,0.5,131.72716,99.98541,9679.24212,0.09703
319,0.1,0.001,0.01,0.5,1.39380,100.00000,100.00000,0.01794
320,0.1,0.001,0.02,0.5,45.29046,99.74407,2703.15493,0.48831
321,0.1,0.001,0.05,0.5,119.65124,99.96215,781.25889,0.04211
322,0.1,0.001,0.1,0.5,102.04621,100.00000,100.00000,0.70217
323,0.1,0.001,0.5,0.5,1.68071,100.00000,51.44635,0.19464
324,0.1,0.01,0.005,0.5,84.41101,99.98174,8307.12033,1.47874
325,0.1,0.01,0.01,0.5,75.17415,100.00000,10088.12760,0.35806
326,0.1,0.01,0.02,0.5,3.67229,100.00000,4506.13623,0.11845
327,0.1,0.01,0.05,0.5,101.05721,99.98583,1595.57701,0.86942
328,0.1,0.01,0.1,0.5,32.96973,99.98073,93.96378,0.51862
329,0.1,0.01,0.5,0.5,98.37856,99.94724,22.94785,0.24784
330,0.1,0.1,0.005,0.5,52.01231,99.98442,88930.43585,0.09224
331,0.1,0.1,0.01,0.5,63.48150,99.98244,45084.90031,0.85857
332,0.1,0.1,0.02,0.5,44.59799,99.98543,21733.94347,0.47900
333,0.1,0.1,0.05,0.5,63.06728,99.98211,7545.43544,0.34363
334,0.1,0.1,0.1,0.5,43.83881,99.98809,3911.77260,0.04314
335,0.1,0.1,0.5,0.5,41.53894,99.98881,865.46000,1.02461
336,0.1,1e-06,0.005,2.0,165.44440,100.00000,100.00000,0.62687
337,0.1,1e-06,0.01,2.0,0.20677,100.00000,100.00000,0.08991
338,0.1,1e-06,0.02,2.0,22.93524,100.00000,100.00000,0.38259
339,0.1,1e-06,0.05,2.0,2.78900,100.00000,100.00000,1.78550
340,0.1,1e-06,0.1,2.0,5.98677,100.00000,3.23785,0.29677
341,0.1,1e-06,0.5,2.0,33.10361,99.99763,100.00000,0.65415
342,0.1,1e-05,0.005,2.0,20.20316,100.00000,100.00000,0.36700
343,0.1,1e-05,0.01,2.0,106.83989,25.47559,100.00000,0.58656
344,0.1,1e-05,0.02,2.0,48.34860,64.44176,100.00000,0.42152
345,0.1,1e-05,0.05,2.0,64.96843,68.00032,100.00000,0.09355
346,0.1,1e-05,0.1,2.0,34.22975,100.00000,100.00000,0.35573
347,0.1,1e-05,0.5,2.0,26.70600,99.99999,64.51292,1.84715
348,0.1,5e-05,0.005,2.0,36.31490,100.00000,100.00000,0.42781
349,0.1,5e-05,0.01,2.0,51.80713,100.00000,100.00000,0.82440
350,0.1,5e-05,0.02,2.0,0.42098,100.00000,100.00000,1.25350
351,0.1,5e-05,0.05,2.0,137.94666,99.99998,6421.05186,0.42672
352,0.1,5e-05,0.1,2.0,14.77676,100.00000,100.00000,0.24175
353,0.1,5e-05,0.5,2.0,16.94882,93.15071,100.00000,0.43498
354,0.1,0.0001,0.005,2.0,36.78602,100.00000,100.00000,0.24506
355,0.1,0.0001,0.01,2.0,8.20072,100.00000,6811.89167,0.03893
356,0.1,0.0001,0.02,2.0,76.79212,100.00000,100.00000,0.05591
357,0.1,0.0001,0.05,2.0,6.95664,100.00000,4005.24819,1.15927
358,0.1,0.0001,0.1,2.0,48.85340,99.61486,100.00000,0.48535
359,0.1,0.0001,0.5,2.0,15.17980,100.00000,145.19701,0.35268
360,0.1,0.0005,0.005,2.0,109.03155,100.00000,15843.92427,0.35036
361,0.1,0.0005,0.01,2.0,99.99899,88.36522,100.00000,0.40404
362,0.1,0.0005,0.02,2.0,3.71054,99.52538,9175.93511,0.08685
363,0.1,0.0005,0.05,2.0,17.58174,100.00000,100.00000,0.78927
364,0.1,0.0005,0.1,2.0,40.02242,100.00000,3471.99505,0.17450
365,0.1,0.0005,0.5,2.0,84.37348,100.00000,100.00000,0.18754
366,0.1,0.001,0.005,2.0,53.02429,100.00000,21214.70353,0.10831
367,0.1,0.001,0.01,2.0,1.21488,100.00000,2996.31060,0.54863
368,0.1,0.001,0.02,2.0,105.47500,99.39837,15399.88519,0.58197
369,0.1,0.001,0.05,2.0,14.09881,100.00000,100.00000,0.56182
370,0.1,0.001,0.1,2.0,67.31540,100.00000,853.32550,0.63043
371,0.1,0.001,0.5,2.0,19.01206,99.64165,6.05742,0.12897
372,0.1,0.01,0.005,2.0,20.16396,100.00000,26246.32693,1.30875
373,0.1,0.01,0.01,2.0,29.71195,100.00000,100.00000,0.47340
374,0.1,0.01,0.02,2.0,146.49733,99.84063,99.99999,0.32608
375,0.1,0.01,0.05,2.0,3.65138,99.90309,2964.67742,0.61376
376,0.1,0.01,0.1,2.0,1.34739,100.00000,100.00000,0.72595
377,0.1,0.01,0.5,2.0,89.48028,99.98328,100.00000,0.80012
378,0.1,0.1,0.005,2.0,12.34999,99.98414,92824.90595,0.41442
379,0.1,0.1,0.01,2.0,65.41015,99.98499,99.98681,0.25909
380,0.1,0.1,0.02,2.0,18.18426,99.98458,41112.90949,0.22673
381,0.1,0.1,0.05,2.0,127.91857,99.98848,6819.68505,0.88426
382,0.1,0.1,0.1,2.0,30.60679,99.98577,1276.51825,1.34507
383,0.1,0.1,0.5,2.0,37.08199,100.00000,813.84619,0.48752
384,0.5,1e-06,0.005,0.5,0.02104,99.99997,63.70575,1.27905
385,0.5,1e-06,0.01,0.5,29.43495,100.00000,721.55696,0.06528
386,0.5,1e-06,0.02,0.5,9.38167,100.00000,100.00000,0.03528
387,0.5,1e-06,0.05,0.5,0.02543,100.00000,100.00000,0.14820
388,0.5,1e-06,0.1,0.5,0.03250,100.00000,20.72540,0.70896
389,0.5,1e-06,0.5,0.5,0.02889,69.01935,16.65732,1.25818
390,0.5,1e-05,0.005,0.5,19.92783,99.84775,2052.69811,1.92209
391,0.5,1e-05,0.01,0.5,43.63452,97.83097,2222.50960,0.35876
392,0.5,1e-05,0.02,0.5,31.36249,89.95580,336.61338,0.02732
393,0.5,1e-05,0.05,0.5,61.30279,100.00000,100.00000,1.01160
394,0.5,1e-05,0.1,0.5,26.47916,95.79940,71.11339,0.10376
395,0.5,1e-05,0.5,0.5,19.75654,91.33987,26.03696,1.64380
396,0.5,5e-05,0.005,0.5,9.50056,100.00000,702.41764,0.10625
397,0.5,5e-05,0.01,0.5,26.42423,99.65922,100.00000,0.25724
398,0.5,5e-05,0.02,0.5,0.03797,98.69041,529.32600,0.47253
399,0.5,5e-05,0.05,0.5,0.03469,99.99950,100.00000,0.53362
400,0.5,5e-05,0.1,0.5,21.77512,100.00000,75.14283,0.30366
401,0.5,5e-05,0.5,0.5,24.60343,99.99117,13.24176,1.16411
402,0.5,0.0001,0.005,0.5,22.99180,100.00000,100.00000,1.17638
403,0.5,0.0001,0.01,0.5,0.03303,100.00000,100.00000,0.30330
404,0.5,0.0001,0.02,0.5,18.52396,99.70040,382.08778,1.13893
405,0.5,0.0001,0.05,0.5,0.01253,99.55333,100.00000,0.32778
406,0.5,0.0001,0.1,0.5,0.03914,100.00000,27.19824,1.05764
407,0.5,0.0001,0.5,0.5,0.04393,100.00000,25.89340,1.28190
408,0.5,0.0005,0.005,0.5,0.02234,100.00000,2463.89377,0.06076
409,0.5,0.0005,0.01,0.5,34.14676,99.97192,445.89933,0.35984
410,0.5,0.0005,0.02,0.5,0.04032,99.95380,100.00000,0.81028
411,0.5,0.0005,0.05,0.5,12.18611,99.95494,88.28983,0.59243
412,0.5,0.0005,0.1,0.5,29.07695,99.98835,87.50559,1.44861
413,0.5,0.0005,0.5,0.5,14.96131,100.00000,1.01230,0.01813
414,0.5,0.001,0.005,0.5,22.37363,100.00000,100.00000,0.73199
415,0.5,0.001,0.01,0.5,27.39768,100.00000,100.00000,0.65357
416,0.5,0.001,0.02,0.5,30.75289,100.00000,373.46249,0.36668
417,0.5,0.001,0.05,0.5,0.02502,100.00000,203.46130,0.31144
418,0.5,0.001,0.1,0.5,49.69830,100.00000,100.00000,1.18411
419,0.5,0.001,0.5,0.5,16.21159,99.97946,22.97009,0.43517
420,0.5,0.01,0.005,0.5,0.04375,99.99154,13348.43647,1.47453
421,0.5,0.01,0.01,0.5,15.32808,99.98498,4799.45908,0.63638
422,0.5,0.01,0.02,0.5,0.01084,99.99437,2383.43912,0.57076
423,0.5,0.01,0.05,0.5,44.21360,99.98188,305.68432,2.00616
424,0.5,0.01,0.1,0.5,53.28661,99.99152,430.32139,0.79936
425,0.5,0.01,0.5,0.5,23.02937,99.98960,109.70924,0.27341
426,0.5,0.1,0.005,0.5,89.20604,99.98634,90010.14274,0.23454
427,0.5,0.1,0.01,0.5,89.36315,99.98420,47271.08400,0.35098
428,0.5,0.1,0.02,0.5,88.70579,99.98409,23575.00768,1.01529
429,0.5,0.1,0.05,0.5,89.19541,99.98466,9118.48170,0.67533
430,0.5,0.1,0.1,0.5,89.79252,99.98291,4725.93715,0.39155
431,0.5,0.1,0.5,0.5,87.58758,99.98546,928.58085,0.64213
432,0.5,1e-06,0.005,2.0,4.64956,15.55035,1365.27085,0.61614
433,0.5,1e-06,0.01,2.0,13.96980,27.22975,1560.13432,1.01122
434,0.5,1e-06,0.02,2.0,2.88510,99.99992,1986.26835,0.02986
435,0.5,1e-06,0.05,2.0,9.24998,99.99992,100.00000,0.61633
436,0.5,1e-06,0.1,2.0,11.61067,100.00000,41.14236,1.29429
437,0.5,1e-06,0.5,2.0,13.13702,325.36139,92.07746,0.80216
438,0.5,1e-05,0.005,2.0,40.64672,99.68183,6442.03451,0.41046
439,0.5,1e-05,0.01,2.0,0.05294,100.00000,3533.03499,0.23284
440,0.5,1e-05,0.02,2.0,28.31181,79.25869,100.00000,0.65469
441,0.5,1e-05,0.05,2.0,31.75107,100.00000,100.00000,1.29471
442,0.5,1e-05,0.1,2.0,6.93547,95.26580,545.08831,0.25798
443,0.5,1e-05,0.5,2.0,39.46834,89.67648,119.34759,0.01839
444,0.5,5e-05,0.005,2.0,20.08582,99.47802,100.00000,0.82314
445,0.5,5e-05,0.01,2.0,29.00667,100.00000,100.00000,1.01221
446,0.5,5e-05,0.02,2.0,21.09594,97.86271,100.00000,0.19717
447,0.5,5e-05,0.05,2.0,56.96853,97.72845,1065.49301,0.51976
448,0.5,5e-05,0.1,2.0,20.18963,95.92436,100.00000,1.87688
449,0.5,5e-05,0.5,2.0,0.02780,100.00000,40.82224,0.76465
450,0.5,0.0001,0.005,2.0,18.60064,100.00000,100.00000,0.72178
451,0.5,0.0001,0.01,2.0,27.57614,99.27340,100.00000,1.02707
452,0.5,0.0001,0.02,2.0,12.03236,100.00000,100.00000,0.09097
453,0.5,0.0001,0.05,2.0,5.91994,100.00000,100.00000,1.10246
454,0.5,0.0001,0.1,2.0,25.15365,100.00000,100.00000,1.20341
455,0.5,0.0001,0.5,2.0,39.07642,100.00000,75.76272,0.90946
456,0.5,0.0005,0.005,2.0,24.51234,100.00000,100.00000,0.52402
457,0.5,0.0005,0.01,2.0,27.11645,99.55246,960.88059,0.31436
458,0.5,0.0005,0.02,2.0,24.37838,99.92199,100.00000,0.60395
459,0.5,0.0005,0.05,2.0,17.87190,100.00000,100.00000,0.49456
460,0.5,0.0005,0.1,2.0,17.50161,99.88656,544.75430,0.35153
461,0.5,0.0005,0.5,2.0,17.59398,99.69221,29.92351,0.13299
462,0.5,0.001,0.005,2.0,25.76711,99.55959,99.99999,1.52934
463,0.5,0.001,0.01,2.0,36.34986,100.00000,48.56836,1.67084
464,0.5,0.001,0.02,2.0,0.06679,100.00000,100.00000,0.13340
465,0.5,0.001,0.05,2.0,13.64537,100.00000,948.58769,1.70609
466,0.5,0.001,0.1,2.0,22.87212,100.00000,100.00000,1.22551
467,0.5,0.001,0.5,2.0,8.53145,99.92388,2.74541,1.30058
468,0.5,0.01,0.005,2.0,38.72908,99.99176,8512.45367,0.48585
469,0.5,0.01,0.01,2.0,47.13404,99.99136,3210.62074,0.80208
470,0.5,0.01,0.02,2.0,41.51648,100.00000,4181.73267,0.20521
471,0.5,0.01,0.05,2.0,9.07712,99.96401,922.65459,0.58087
472,0.5,0.01,0.1,2.0,2.99673,99.98680,457.75751,0.13676
473,0.5,0.01,0.5,2.0,14.51430,99.99749,140.00179,1.21040
474,0.5,0.1,0.005,2.0,4.23313,99.98504,57340.87777,0.22534
475,0.5,0.1,0.01,2.0,2.53288,99.98238,21085.45895,1.32694
476,0.5,0.1,0.02,2.0,25.55635,99.98165,8855.11413,0.85012
477,0.5,0.1,0.05,2.0,42.72973,99.97849,4010.15872,0.29019
478,0.5,0.1,0.1,2.0,6.83773,99.97990,1071.98531,0.12610
479,0.5,0.1,0.5,2.0,13.95064,99.97902,295.20824,0.81315
480,1.0,1e-06,0.005,0.5,4.50659,96.24573,100.00000,1.16398
481,1.0,1e-06,0.01,0.5,19.01903,100.00000,100.00000,1.01457
482,1.0,1e-06,0.02,0.5,1.94681,90.34596,100.00000,0.11020
483,1.0,1e-06,0.05,0.5,4.29581,100.00000,100.00000,0.64701
484,1.0,1e-06,0.1,0.5,5.25261,99.99998,72.63581,0.94776
485,1.0,1e-06,0.5,0.5,20.59486,72.05076,14.67993,0.02246
486,1.0,1e-05,0.005,0.5,20.92231,100.00000,100.00000,0.51698
487,1.0,1e-05,0.01,0.5,9.82176,100.00000,100.00000,0.12668
488,1.0,1e-05,0.02,0.5,0.20539,100.00000,100.00000,1.85683
489,1.0,1e-05,0.05,0.5,40.14035,100.00000,99.87344,0.45518
490,1.0,1e-05,0.1,0.5,7.72841,100.00000,100.00000,0.09001
491,1.0,1e-05,0.5,0.5,10.67049,97.03013,12.93214,0.51880
492,1.0,5e-05,0.005,0.5,20.89319,100.00000,100.00000,0.27122
493,1.0,5e-05,0.01,0.5,17.40513,100.00000,45.97537,1.12451
494,1.0,5e-05,0.02,0.5,27.21259,99.74987,2.79982,0.60103
495,1.0,5e-05,0.05,0.5,27.05881,100.00000,62.39139,1.13687
496,1.0,5e-05,0.1,0.5,1.18452,100.00000,16.50854,0.21880
497,1.0,5e-05,0.5,0.5,3.59608,99.99999,8.54772,0.87569
498,1.0,0.0001,0.005,0.5,34.55916,100.00000,406.83321,0.07614
499,1.0,0.0001,0.01,0.5,5.28419,99.71040,99.99785,1.22295
500,1.0,0.0001,0.02,0.5,5.75495,99.89841,59.21400,0.33680
501,1.0,0.0001,0.05,0.5,0.83671,99.93981,249.32983,0.25435
502,1.0,0.0001,0.1,0.5,12.14900,100.00000,72.94264,0.98485
503,1.0,0.0001,0.5,0.5,12.88486,99.61430,15.68080,0.60464
504,1.0,0.0005,0.005,0.5,2.59069,99.93028,328.75915,0.40925
505,1.0,0.0005,0.01,0.5,5.53945,99.93808,99.82810,0.38798
506,1.0,0.0005,0.02,0.5,4.32958,99.98939,149.81633,0.41588
507,1.0,0.0005,0.05,0.5,18.71371,100.00000,1.59776,0.97334
508,1.0,0.0005,0.1,0.5,15.75930,99.99467,39.15621,0.89184
509,1.0,0.0005,0.5,0.5,3.97483,99.99127,10.71824,0.84254
510,1.0,0.001,0.005,0.5,46.48909,99.99297,100.00000,0.83425
511,1.0,0.001,0.01,0.5,5.21897,100.00000,22.30848,0.83099
512,1.0,0.001,0.02,0.5,1.23231,99.96355,484.51778,1.95482
513,1.0,0.001,0.05,0.5,8.22713,99.99692,232.87967,0.86851
514,1.0,0.001,0.1,0.5,0.65129,99.96784,17.76349,0.09596
515,1.0,0.001,0.5,0.5,2.18264,100.00000,13.95523,0.67015
516,1.0,0.01,0.005,0.5,6.61050,99.98405,5312.45213,0.10153
517,1.0,0.01,0.01,0.5,6.81326,99.98252,1766.97025,0.64531
518,1.0,0.01,0.02,0.5,2.07206,99.97841,601.18504,0.54124
519,1.0,0.01,0.05,0.5,9.23318,99.98360,507.67878,0.91737
520,1.0,0.01,0.1,0.5,36.13128,99.98468,213.39404,1.85754
521,1.0,0.01,0.5,0.5,26.92446,99.97686,12.02003,1.01191
522,1.0,0.1,0.005,0.5,94.52013,99.98567,94603.87214,1.09197
523,1.0,0.1,0.01,0.5,94.45547,99.98510,47965.82084,0.40146
524,1.0,0.1,0.02,0.5,94.31963,99.98549,23760.56550,0.85423
525,1.0,0.1,0.05,0.5,94.75221,99.98360,9459.82201,0.29661
526,1.0,0.1,0.1,0.5,94.71171,99.98485,4722.25291,0.31170
527,1.0,0.1,0.5,0.5,77.84548,99.98138,443.40348,0.40819
528,1.0,1e-06,0.005,2.0,6.83475,100.00000,2979.21792,0.10117
529,1.0,1e-06,0.01,2.0,25.56808,99.99998,100.00000,0.91542
530,1.0,1e-06,0.02,2.0,11.54597,100.00000,201.49588,1.23867
531,1.0,1e-06,0.05,2.0,17.37514,100.00000,100.00000,0.78038
532,1.0,1e-06,0.1,2.0,0.51562,100.00000,218.47950,0.61432
533,1.0,1e-06,0.5,2.0,35.55534,100.00000,8.58762,1.01228
534,1.0,1e-05,0.005,2.0,34.71338,75.78587,99.94479,0.43549
535,1.0,1e-05,0.01,2.0,17.76459,100.00000,100.00000,0.18518
536,1.0,1e-05,0.02,2.0,24.93767,96.17496,100.00000,1.75381
537,1.0,1e-05,0.05,2.0,10.57809,100.00000,100.00000,0.12528
538,1.0,1e-05,0.1,2.0,32.86604,100.00000,133.13729,1.05467
539,1.0,1e-05,0.5,2.0,39.63266,90.16011,22.51154,1.36738
540,1.0,5e-05,0.005,2.0,17.35134,98.14013,100.00000,0.66850
541,1.0,5e-05,0.01,2.0,9.49335,99.34417,361.42832,1.39555
542,1.0,5e-05,0.02,2.0,19.69699,100.00000,100.00000,1.57729
543,1.0,5e-05,0.05,2.0,11.72081,100.00000,100.00000,1.35287
544,1.0,5e-05,0.1,2.0,34.03598,97.44478,72.71843,1.86878
545,1.0,5e-05,0.5,2.0,27.59708,99.44334,32.18054,0.36727
546,1.0,0.0001,0.005,2.0,2.59158,100.00000,100.00000,0.74091
547,1.0,0.0001,0.01,2.0,13.04681,99.65074,836.57117,0.20116
548,1.0,0.0001,0.02,2.0,0.84779,100.00000,100.00000,0.12405
549,1.0,0.0001,0.05,2.0,0.50460,99.65220,40.58781,1.27281
550,1.0,0.0001,0.1,2.0,6.00453,100.00000,145.05101,0.71088
551,1.0,0.0001,0.5,2.0,5.35473,100.00000,74.13972,0.53865
552,1.0,0.0005,0.005,2.0,12.39372,100.00000,2835.08368,0.85751
553,1.0,0.0005,0.01,2.0,12.30770,99.97485,573.85350,1.45170
554,1.0,0.0005,0.02,2.0,40.59352,100.00000,100.00000,0.87438
555,1.0,0.0005,0.05,2.0,10.21459,100.00000,194.80847,0.26501
556,1.0,0.0005,0.1,2.0,7.69966,100.00000,100.00000,1.40404
557,1.0,0.0005,0.5,2.0,2.99072,100.00000,6.38973,1.17195
558,1.0,0.001,0.005,2.0,4.41390,99.98203,3384.39502,0.87199
559,1.0,0.001,0.01,2.0,7.38573,100.00000,2955.03646,1.08405
560,1.0,0.001,0.02,2.0,5.07029,100.00000,1069.12866,0.46188
561,1.0,0.001,0.05,2.0,3.91180,100.00000,599.30349,0.81749
562,1.0,0.001,0.1,2.0,5.53689,100.00000,79.85962,0.14842
563,1.0,0.001,0.5,2.0,34.56605,99.83114,22.21811,0.55795
564,1.0,0.01,0.005,2.0,6.78750,99.98147,4808.19173,0.11549
565,1.0,0.01,0.01,2.0,1.48012,99.97064,965.94252,0.39976
566,1.0,0.01,0.02,2.0,1.62872,100.00000,2768.05455,1.89641
567,1.0,0.01,0.05,2.0,2.50817,100.00000,1348.22139,0.48935
568,1.0,0.01,0.1,2.0,1.37227,99.97613,295.69289,0.24436
569,1.0,0.01,0.5,2.0,33.13708,99.98926,57.86311,0.66366
570,1.0,0.1,0.005,2.0,6.06198,99.98122,36842.46625,0.54742
571,1.0,0.1,0.01,2.0,27.58588,99.98241,16750.84379,0.17795
572,1.0,0.1,0.02,2.0,12.58408,99.98185,9595.67849,1.66454
573,1.0,0.1,0.05,2.0,4.81359,99.97783,2099.62702,0.49623
574,1.0,0.1,0.1,2.0,17.43659,99.98169,1811.72172,1.04159
575,1.0,0.1,0.5,2.0,21.15825,99.98315,399.82674,1.51492
576,1.5,1e-06,0.005,0.5,25.72354,99.99999,100.00000,1.35788
577,1.5,1e-06,0.01,0.5,0.99403,84.68088,42.02321,0.58244
578,1.5,1e-06,0.02,0.5,5.38677,100.00000,11.42997,0.14726
579,1.5,1e-06,0.05,0.5,7.07838,100.00000,37.80067,0.31469
580,1.5,1e-06,0.1,0.5,2.27681,94.08206,4.87470,0.28977
581,1.5,1e-06,0.5,0.5,1.46679,99.99996,6.67014,0.59908
582,1.5,1e-05,0.005,0.5,10.41887,100.00000,781.19034,0.55851
583,1.5,1e-05,0.01,0.5,3.52085,100.00000,333.26172,0.79610
584,1.5,1e-05,0.02,0.5,28.48005,99.57401,58.52400,1.20128
585,1.5,1e-05,0.05,0.5,34.01463,100.00000,36.43023,2.43849
586,1.5,1e-05,0.1,0.5,12.04428,99.94806,7.97204,0.39214
587,1.5,1e-05,0.5,0.5,2.72184,100.00000,4.14220,0.67305
588,1.5,5e-05,0.005,0.5,9.79680,99.92333,922.31546,0.14394
589,1.5,5e-05,0.01,0.5,2.80146,100.00000,100.00000,0.00437
590,1.5,5e-05,0.02,0.5,4.67839,100.00000,120.44908,0.65641
591,1.5,5e-05,0.05,0.5,22.77033,100.00000,14.45868,0.41190
592,1.5,5e-05,0.1,0.5,1.83089,100.00000,42.38992,0.50100
593,1.5,5e-05,0.5,0.5,0.50739,100.00000,4.86647,0.06566
594,1.5,0.0001,0.005,0.5,7.41341,100.00000,100.00000,0.79581
595,1.5,0.0001,0.01,0.5,0.81679,99.75503,35.21073,0.69125
596,1.5,0.0001,0.02,0.5,10.34572,100.00000,100.00000,0.66888
597,1.5,0.0001,0.05,0.5,2.33073,99.81866,5.41340,0.50254
598,1.5,0.0001,0.1,0.5,12.08484,99.98510,43.35365,1.17424
599,1.5,0.0001,0.5,0.5,8.66089,100.00000,14.09187,1.19579
600,1.5,0.0005,0.005,0.5,15.41461,100.00000,100.00000,0.67467
601,1.5,0.0005,0.01,0.5,25.63367,100.00000,384.32063,1.77905
602,1.5,0.0005,0.02,0.5,11.75007,99.98531,239.04937,1.39299
603,1.5,0.0005,0.05,0.5,12.56846,100.00000,133.13525,0.98020
604,1.5,0.0005,0.1,0.5,18.39555,99.96470,19.76980,1.42617
605,1.5,0.0005,0.5,0.5,0.34732,99.96226,7.22171,0.46420
606,1.5,0.001,0.005,0.5,16.97786,99.98956,868.59997,1.71652
607,1.5,0.001,0.01,0.5,25.47914,99.99077,303.59071,0.25183
608,1.5,0.001,0.02,0.5,1.96983,99.99694,102.05375,0.67528
609,1.5,0.001,0.05,0.5,11.92457,100.00000,181.21948,0.74450
610,1.5,0.001,0.1,0.5,3.53427,99.95151,42.25708,0.21354
611,1.5,0.001,0.5,0.5,1.30312,99.96747,0.09989,0.03546
612,1.5,0.01,0.005,0.5,8.87760,99.97830,1413.48939,0.78058
613,1.5,0.01,0.01,0.5,3.51211,99.98090,1186.42287,0.77681
614,1.5,0.01,0.02,0.5,11.83333,99.97935,688.32809,0.43497
615,1.5,0.01,0.05,0.5,12.66026,99.97909,329.72105,0.27876
616,1.5,0.01,0.1,0.5,11.84976,99.97987,177.77360,0.30962
617,1.5,0.01,0.5,0.5,1.76236,99.97961,22.60083,0.25004
618,1.5,0.1,0.005,0.5,96.24364,99.98547,95529.59900,0.20997
619,1.5,0.1,0.01,0.5,96.21455,99.98588,48069.88682,0.52296
620,1.5,0.1,0.02,0.5,96.27382,99.98506,24493.70491,0.35541
621,1.5,0.1,0.05,0.5,95.98458,99.98635,9755.67380,0.71931
622,1.5,0.1,0.1,0.5,96.13165,99.98538,4761.77306,0.28634
623,1.5,0.1,0.5,0.5,95.76763,99.98603,963.47880,1.58649
624,1.5,1e-06,0.005,2.0,9.65609,35.10095,99.99768,1.20836
625,1.5,1e-06,0.01,2.0,3.31897,100.00000,120.21822,1.71252
626,1.5,1e-06,0.02,2.0,1.31164,15.73201,100.00000,1.28234
627,1.5,1e-06,0.05,2.0,28.46681,70.94285,100.00000,1.11736
628,1.5,1e-06,0.1,2.0,3.05324,100.00000,100.00000,0.55711
629,1.5,1e-06,0.5,2.0,20.02518,100.00000,6.31358,1.41924
630,1.5,1e-05,0.005,2.0,3.35065,100.00000,271.05817,1.20368
631,1.5,1e-05,0.01,2.0,4.36914,100.00000,100.00000,0.65519
632,1.5,1e-05,0.02,2.0,0.63386,100.00000,100.00000,1.66379
633,1.5,1e-05,0.05,2.0,13.13155,95.12776,73.98989,0.16742
634,1.5,1e-05,0.1,2.0,12.21032,99.99956,37.95588,1.06721
635,1.5,1e-05,0.5,2.0,6.21105,82.60178,13.22833,1.17219
636,1.5,5e-05,0.005,2.0,2.56371,97.24715,99.99926,0.53036
637,1.5,5e-05,0.01,2.0,14.36425,100.00000,825.88012,0.14999
638,1.5,5e-05,0.02,2.0,13.32550,100.00000,166.67601,1.63879
639,1.5,5e-05,0.05,2.0,27.89759,100.00000,100.00000,1.02287
640,1.5,5e-05,0.1,2.0,3.02725,99.72812,73.19947,1.20101
641,1.5,5e-05,0.5,2.0,8.66766,100.00000,11.85407,1.01849
642,1.5,0.0001,0.005,2.0,10.68776,100.00000,872.89881,0.68277
643,1.5,0.0001,0.01,2.0,0.96321,100.00000,100.00000,1.91810
644,1.5,0.0001,0.02,2.0,19.48006,99.74602,438.08726,0.34769
645,1.5,0.0001,0.05,2.0,27.82309,99.38392,100.00000,2.35726
646,1.5,0.0001,0.1,2.0,7.75783,99.13136,99.99992,2.28596
647,1.5,0.0001,0.5,2.0,5.85274,99.87039,50.18595,0.19195
648,1.5,0.0005,0.005,2.0,16.57765,100.00000,4749.87716,0.38874
649,1.5,0.0005,0.01,2.0,12.34055,100.00000,100.00000,0.32768
650,1.5,0.0005,0.02,2.0,3.22589,99.87385,100.00000,0.96610
651,1.5,0.0005,0.05,2.0,1.50431,100.00000,100.00000,1.39154
652,1.5,0.0005,0.1,2.0,11.85717,100.00000,43.32433,0.76443
653,1.5,0.0005,0.5,2.0,5.36051,99.80285,51.36801,1.62776
654,1.5,0.001,0.005,2.0,6.63331,100.00000,151.40160,0.40290
655,1.5,0.001,0.01,2.0,16.95130,100.00000,100.00000,0.74260
656,1.5,0.001,0.02,2.0,5.07298,100.00000,100.00000,0.82756
657,1.5,0.001,0.05,2.0,4.62668,99.91827,325.19220,0.10369
658,1.5,0.001,0.1,2.0,6.98156,100.00000,79.20819,0.03211
659,1.5,0.001,0.5,2.0,4.74556,99.95472,1.66961,0.25554
660,1.5,0.01,0.005,2.0,4.12966,99.98134,224.23983,1.14019
661,1.5,0.01,0.01,2.0,5.24819,99.99757,3529.77171,1.69329
662,1.5,0.01,0.02,2.0,3.74561,99.98755,893.75732,0.90886
663,1.5,0.01,0.05,2.0,27.56253,99.97243,136.55430,1.10056
664,1.5,0.01,0.1,2.0,11.81006,99.98167,186.30281,1.25317
665,1.5,0.01,0.5,2.0,31.07512,100.00000,83.22158,0.86593
666,1.5,0.1,0.005,2.0,20.12392,99.98080,35204.27267,1.39111
667,1.5,0.1,0.01,2.0,15.10110,99.98101,17225.90950,0.09289
668,1.5,0.1,0.02,2.0,18.55996,99.98207,11263.15340,0.76576
669,1.5,0.1,0.05,2.0,37.73667,99.98123,3559.61966,1.25043
670,1.5,0.1,0.1,2.0,31.25895,99.98263,2387.27439,0.78157
671,1.5,0.1,0.5,2.0,26.71782,99.98143,397.89921,0.83665
672,2.0,1e-06,0.005,0.5,6.91634,94.04477,100.00000,0.25520
673,2.0,1e-06,0.01,0.5,0.10348,99.56139,122.45098,0.24169
674,2.0,1e-06,0.02,0.5,3.37544,97.26477,100.00000,0.54180
675,2.0,1e-06,0.05,0.5,3.10647,94.60258,7.81192,0.04789
676,2.0,1e-06,0.1,0.5,2.44796,100.00000,17.64588,0.70946
677,2.0,1e-06,0.5,0.5,10.80287,93.10394,2.44742,1.22608
678,2.0,1e-05,0.005,0.5,3.80697,99.30579,100.00000,0.98776
679,2.0,1e-05,0.01,0.5,5.04366,100.00000,100.00000,0.70485
680,2.0,1e-05,0.02,0.5,1.56181,99.99999,26.17348,0.08095
681,2.0,1e-05,0.05,0.5,17.51121,98.58488,9.04402,1.63019
682,2.0,1e-05,0.1,0.5,9.44167,100.00000,6.37628,2.48162
683,2.0,1e-05,0.5,0.5,7.30609,100.00000,3.38170,0.53543
684,2.0,5e-05,0.005,0.5,1.02492,99.91115,180.02947,0.06100
685,2.0,5e-05,0.01,0.5,11.93166,100.00000,100.00000,0.45054
686,2.0,5e-05,0.02,0.5,7.73327,99.86958,41.65061,0.66279
687,2.0,5e-05,0.05,0.5,0.24370,99.83146,7.10577,2.35786
688,2.0,5e-05,0.1,0.5,3.32000,99.77861,1.97410,0.19246
689,2.0,5e-05,0.5,0.5,6.67105,99.45543,3.32694,1.14686
690,2.0,0.0001,0.005,0.5,6.41253,99.99999,100.00000,0.79810
691,2.0,0.0001,0.01,0.5,6.36245,100.00000,62.68793,0.05865
692,2.0,0.0001,0.02,0.5,9.78628,99.98357,100.00000,1.32706
693,2.0,0.0001,0.05,0.5,18.38260,100.00000,67.32129,1.51711
694,2.0,0.0001,0.1,0.5,7.69725,100.00000,8.23879,1.16835
695,2.0,0.0001,0.5,0.5,4.24390,99.99999,9.77231,0.62750
696,2.0,0.0005,0.005,0.5,4.54441,99.99941,100.00000,0.83680
697,2.0,0.0005,0.01,0.5,10.03984,99.99302,100.00000,0.61418
698,2.0,0.0005,0.02,0.5,1.77482,99.96713,167.32146,2.10628
699,2.0,0.0005,0.05,0.5,0.93856,99.97124,32.37232,1.89177
700,2.0,0.0005,0.1,0.5,9.51403,99.95840,23.08747,0.37659
701,2.0,0.0005,0.5,0.5,9.21771,99.96213,6.17714,0.77498
702,2.0,0.001,0.005,0.5,13.74136,99.97940,100.00000,0.86380
703,2.0,0.001,0.01,0.5,9.61294,99.98290,811.59417,0.60804
704,2.0,0.001,0.02,0.5,6.64392,99.98540,217.07814,1.09493
705,2.0,0.001,0.05,0.5,1.59680,100.00000,141.66933,0.81846
706,2.0,0.001,0.1,0.5,10.55817,99.96295,17.54332,0.80074
707,2.0,0.001,0.5,0.5,4.78964,99.94664,10.83779,1.41143
708,2.0,0.01,0.005,0.5,24.60458,99.97613,1601.70811,0.11160
709,2.0,0.01,0.01,0.5,28.18089,99.97817,1180.57169,1.13846
710,2.0,0.01,0.02,0.5,23.89224,99.98016,785.37309,0.11579
711,2.0,0.01,0.05,0.5,14.36127,99.97867,223.79176,1.00350
712,2.0,0.01,0.1,0.5,9.79437,99.98184,207.93528,2.24976
713,2.0,0.01,0.5,0.5,40.18632,99.97868,27.55964,0.24019
714,2.0,0.1,0.005,0.5,97.33726,99.98428,95766.00680,0.17075
715,2.0,0.1,0.01,0.5,97.19098,99.98523,48084.02420,1.09017
716,2.0,0.1,0.02,0.5,97.15400,99.98497,24037.46134,0.76480
717,2.0,0.1,0.05,0.5,97.09528,99.98561,9631.42347,0.94755
718,2.0,0.1,0.1,0.5,97.10740,99.98557,4803.96206,0.22273
719,2.0,0.1,0.5,0.5,96.87856,99.98668,964.49193,0.54134
720,2.0,1e-06,0.005,2.0,3.60726,100.00000,100.00000,0.29199
721,2.0,1e-06,0.01,2.0,2.24678,29.37905,99.99987,1.16233
722,2.0,1e-06,0.02,2.0,1.81903,99.96790,801.69284,1.31320
723,2.0,1e-06,0.05,2.0,10.95069,84.15540,60.96986,1.08817
724,2.0,1e-06,0.1,2.0,5.50646,99.99970,91.85467,0.97129
725,2.0,1e-06,0.5,2.0,34.99581,7.63232,7.86214,0.29205
726,2.0,1e-05,0.005,2.0,19.42208,100.00000,1390.78989,0.54087
727,2.0,1e-05,0.01,2.0,18.68486,100.00000,100.00000,0.00421
728,2.0,1e-05,0.02,2.0,7.09980,93.70158,5.05987,1.22472
729,2.0,1e-05,0.05,2.0,11.55177,100.00000,7.26238,0.27925
730,2.0,1e-05,0.1,2.0,0.22188,99.10161,100.00000,0.18041
731,2.0,1e-05,0.5,2.0,21.71369,95.62753,36.02655,0.83311
732,2.0,5e-05,0.005,2.0,7.14927,99.35287,1483.39183,0.51139
733,2.0,5e-05,0.01,2.0,6.95934,100.00000,244.68890,1.60186
734,2.0,5e-05,0.02,2.0,5.82318,100.00000,100.00000,0.84443
735,2.0,5e-05,0.05,2.0,11.09209,100.00000,100.00000,2.24683
736,2.0,5e-05,0.1,2.0,6.09906,100.00000,62.94534,0.93450
737,2.0,5e-05,0.5,2.0,19.51212,99.99999,8.48498,0.93860
738,2.0,0.0001,0.005,2.0,5.12812,100.00000,100.00000,0.68470
739,2.0,0.0001,0.01,2.0,6.34839,100.00000,100.00000,0.71691
740,2.0,0.0001,0.02,2.0,10.71404,99.48978,53.87345,0.91615
741,2.0,0.0001,0.05,2.0,25.39335,100.00000,320.74082,1.81794
742,2.0,0.0001,0.1,2.0,6.65851,99.97979,107.36276,0.50170
743,2.0,0.0001,0.5,2.0,2.47005,100.00000,2.60217,0.72670
744,2.0,0.0005,0.005,2.0,9.00810,100.00000,100.00000,0.16146
745,2.0,0.0005,0.01,2.0,16.02823,100.00000,4.96542,0.25671
746,2.0,0.0005,0.02,2.0,5.34022,99.99387,167.52901,1.99145
747,2.0,0.0005,0.05,2.0,12.00188,100.00000,10.28210,1.86933
748,2.0,0.0005,0.1,2.0,4.44417,99.97321,46.18843,0.91302
749,2.0,0.0005,0.5,2.0,5.08419,100.00000,11.26010,2.25430
750,2.0,0.001,0.005,2.0,0.35914,100.00000,100.00000,1.12688
751,2.0,0.001,0.01,2.0,3.34639,99.99087,100.00000,0.85948
752,2.0,0.001,0.02,2.0,3.00025,99.98992,34.09447,0.06604
753,2.0,0.001,0.05,2.0,2.97374,99.89455,100.00000,1.29673
754,2.0,0.001,0.1,2.0,5.33087,99.98429,100.00000,1.47649
755,2.0,0.001,0.5,2.0,8.62606,100.00000,23.15536,0.49906
756,2.0,0.01,0.005,2.0,7.31856,99.98005,1287.85593,0.52742
757,2.0,0.01,0.01,2.0,8.68821,99.98960,2138.49722,0.99328
758,2.0,0.01,0.02,2.0,1.82994,99.98339,1449.00110,0.90090
759,2.0,0.01,0.05,2.0,6.21251,99.98475,579.95839,0.34355
760,2.0,0.01,0.1,2.0,0.24521,99.98796,187.56926,0.78711
761,2.0,0.01,0.5,2.0,6.37034,99.99232,99.76882,0.43299
762,2.0,0.1,0.005,2.0,40.81773,99.98101,35111.34302,1.04714
763,2.0,0.1,0.01,2.0,24.71787,99.98134,17390.51703,1.11764
764,2.0,0.1,0.02,2.0,22.54858,99.98091,9407.16346,2.81604
765,2.0,0.1,0.05,2.0,25.95021,99.98250,3733.58260,1.63480
766,2.0,0.1,0.1,2.0,45.47810,99.98108,1722.20177,1.22259
767,2.0,0.1,0.5,2.0,29.79336,99.98195,392.54848,0.98789
768,5.0,1e-06,0.005,0.5,6.58764,96.24674,7.20964,1.29044
769,5.0,1e-06,0.01,0.5,3.56330,97.48771,36.61458,2.90019
770,5.0,1e-06,0.02,0.5,3.29680,100.00000,79.56999,0.96046
771,5.0,1e-06,0.05,0.5,5.41531,97.77934,10.85689,2.16041
772,5.0,1e-06,0.1,0.5,3.24166,97.66107,7.40543,3.48531
773,5.0,1e-06,0.5,0.5,10.19921,85.97704,3.84237,2.82585
774,5.0,1e-05,0.005,0.5,2.28973,99.66441,100.00000,2.56777
775,5.0,1e-05,0.01,0.5,1.44561,100.00000,158.92845,1.89978
776,5.0,1e-05,0.02,0.5,0.68526,99.57642,12.44223,3.28355
777,5.0,1e-05,0.05,0.5,4.04567,100.00000,45.40302,2.95287
778,5.0,1e-05,0.1,0.5,6.60929,100.00000,9.94578,1.36791
779,5.0,1e-05,0.5,0.5,1.54247,100.00000,2.31324,3.12853
780,5.0,5e-05,0.005,0.5,3.83780,99.83611,99.99813,2.37123
781,5.0,5e-05,0.01,0.5,8.46758,99.95785,11.80554,2.21745
782,5.0,5e-05,0.02,0.5,8.97908,100.00000,0.19556,1.18277
783,5.0,5e-05,0.05,0.5,8.06763,99.87198,20.38186,2.69800
784,5.0,5e-05,0.1,0.5,9.80221,99.98233,11.83998,2.89418
785,5.0,5e-05,0.5,0.5,6.70552,100.00000,0.67992,1.76780
786,5.0,0.0001,0.005,0.5,3.27857,100.00000,100.00000,2.52575
787,5.0,0.0001,0.01,0.5,9.20248,99.90339,76.38185,2.01727
788,5.0,0.0001,0.02,0.5,5.71513,100.00000,84.36401,2.51571
789,5.0,0.0001,0.05,0.5,11.91243,99.94756,5.82958,2.35819
790,5.0,0.0001,0.1,0.5,5.20057,100.00000,7.37963,2.80349
791,5.0,0.0001,0.5,0.5,12.69127,99.99617,0.27517,3.12966
792,5.0,0.0005,0.005,0.5,4.90410,99.98358,70.29422,3.62061
793,5.0,0.0005,0.01,0.5,7.28184,99.99411,231.68860,3.44238
794,5.0,0.0005,0.02,0.5,3.05771,99.99502,204.83842,1.39065
795,5.0,0.0005,0.05,0.5,8.56604,99.98593,37.85622,1.01941
796,5.0,0.0005,0.1,0.5,15.14919,100.00000,27.28714,3.74389
797,5.0,0.0005,0.5,0.5,6.57935,99.98675,3.23228,1.69429
798,5.0,0.001,0.005,0.5,0.72793,99.98813,1188.98523,3.36132
799,5.0,0.001,0.01,0.5,1.61583,99.98413,194.02240,2.88858
800,5.0,0.001,0.02,0.5,7.48642,99.98941,55.62868,3.66648
801,5.0,0.001,0.05,0.5,4.71948,99.97668,6.88307,1.64843
802,5.0,0.001,0.1,0.5,1.62620,99.96781,5.03051,2.55445
803,5.0,0.001,0.5,0.5,2.05752,99.97924,6.88527,3.00521
804,5.0,0.01,0.005,0.5,12.14410,99.98082,3123.40101,2.58007
805,5.0,0.01,0.01,0.5,54.44059,99.97707,612.51867,1.30304
806,5.0,0.01,0.02,0.5,16.34546,99.98162,996.33951,2.05862
807,5.0,0.01,0.05,0.5,25.14288,99.98085,369.10979,2.33430
808,5.0,0.01,0.1,0.5,12.40789,99.98231,202.04221,3.37330
809,5.0,0.01,0.5,0.5,7.92109,99.98199,38.10157,1.75326
810,5.0,0.1,0.005,0.5,98.88081,99.98503,96724.47670,0.15339
811,5.0,0.1,0.01,0.5,98.85513,99.98519,48274.73652,0.78931
812,5.0,0.1,0.02,0.5,98.84053,99.98544,24185.03791,0.80814
813,5.0,0.1,0.05,0.5,98.83922,99.98522,9644.54320,1.62073
814,5.0,0.1,0.1,0.5,98.82311,99.98508,4834.51778,1.89376
815,5.0,0.1,0.5,0.5,98.74714,99.98651,968.02279,0.17396
816,5.0,1e-06,0.005,2.0,2.95379,99.99994,100.00000,2.76565
817,5.0,1e-06,0.01,2.0,2.46438,100.00000,79.60343,1.95227
818,5.0,1e-06,0.02,2.0,7.30801,100.00000,100.00000,3.25821
819,5.0,1e-06,0.05,2.0,10.61948,77.37903,93.53953,3.63657
820,5.0,1e-06,0.1,2.0,3.97665,100.00000,35.63409,2.25649
821,5.0,1e-06,0.5,2.0,5.98185,90.54769,10.98395,2.89850
822,5.0,1e-05,0.005,2.0,6.34464,100.00000,100.00000,2.28341
823,5.0,1e-05,0.01,2.0,5.67896,99.17614,175.22314,1.86156
824,5.0,1e-05,0.02,2.0,3.94501,100.00000,30.24625,1.05193
825,5.0,1e-05,0.05,2.0,3.42651,96.48895,22.26275,3.03899
826,5.0,1e-05,0.1,2.0,12.44487,99.72126,49.55045,2.08254
827,5.0,1e-05,0.5,2.0,6.79526,100.00000,8.76402,2.48714
828,5.0,5e-05,0.005,2.0,14.22214,100.00000,185.98960,4.78621
829,5.0,5e-05,0.01,2.0,14.90742,99.80839,26.35188,2.93866
830,5.0,5e-05,0.02,2.0,6.92927,99.92019,39.35311,3.34862
831,5.0,5e-05,0.05,2.0,7.29589,99.91319,100.00000,1.84133
832,5.0,5e-05,0.1,2.0,4.17422,99.40969,78.64132,3.40232
833,5.0,5e-05,0.5,2.0,0.99283,99.78443,8.32894,3.52578
834,5.0,0.0001,0.005,2.0,9.46368,99.94917,100.00000,2.25385
835,5.0,0.0001,0.01,2.0,7.37743,99.95480,100.00000,2.27888
836,5.0,0.0001,0.02,2.0,7.71423,100.00000,39.54453,1.92379
837,5.0,0.0001,0.05,2.0,6.41534,100.00000,56.60424,3.10592
838,5.0,0.0001,0.1,2.0,0.22709,99.97565,51.08699,2.25834
839,5.0,0.0001,0.5,2.0,17.45049,100.00000,7.33810,2.91248
840,5.0,0.0005,0.005,2.0,1.64903,99.98969,2003.56354,3.19215
841,5.0,0.0005,0.01,2.0,6.43873,100.00000,469.84922,2.70524
842,5.0,0.0005,0.02,2.0,4.73731,99.94362,99.99999,3.18410
843,5.0,0.0005,0.05,2.0,12.03801,99.86933,96.98836,2.99146
844,5.0,0.0005,0.1,2.0,6.66330,100.00000,41.13173,1.62276
845,5.0,0.0005,0.5,2.0,2.02560,99.92402,11.05996,1.58448
846,5.0,0.001,0.005,2.0,3.42641,99.99578,1055.17876,3.40198
847,5.0,0.001,0.01,2.0,8.34082,99.96486,99.99318,3.31180
848,5.0,0.001,0.02,2.0,12.91109,100.00000,118.76175,2.25528
849,5.0,0.001,0.05,2.0,0.07396,100.00000,47.66363,2.65169
850,5.0,0.001,0.1,2.0,7.43549,99.94139,2.13012,3.34932
851,5.0,0.001,0.5,2.0,8.47675,99.96339,0.53713,3.03207
852,5.0,0.01,0.005,2.0,9.64908,99.97862,3073.26309,2.52444
853,5.0,0.01,0.01,2.0,5.47861,99.98343,2486.33457,2.50702
854,5.0,0.01,0.02,2.0,0.27483,99.98420,1369.69500,1.82418
855,5.0,0.01,0.05,2.0,3.55042,99.98306,414.02805,2.35835
856,5.0,0.01,0.1,2.0,6.72488,99.98115,234.80292,3.26563
857,5.0,0.01,0.5,2.0,0.73570,99.97950,30.85997,2.71020
858,5.0,0.1,0.005,2.0,54.11250,99.98078,36890.30768,2.36882
859,5.0,0.1,0.01,2.0,56.52026,99.98176,19944.99196,2.23278
860,5.0,0.1,0.02,2.0,54.59345,99.98139,9896.54412,2.48804
861,5.0,0.1,0.05,2.0,58.13761,99.98121,3785.75785,2.36362
862,5.0,0.1,0.1,2.0,58.47713,99.98049,1808.67454,1.08730
863,5.0,0.1,0.5,2.0,54.31465,99.98092,361.48759,0.43607
864,10.0,1e-06,0.005,0.5,3.05118,96.19081,45.67941,4.88387
865,10.0,1e-06,0.01,0.5,0.10429,98.56115,12.79326,5.14569
866,10.0,1e-06,0.02,0.5,5.83586,100.00000,5.20528,5.02576
867,10.0,1e-06,0.05,0.5,14.69816,99.44870,4.56723,5.91898
868,10.0,1e-06,0.1,0.5,8.77624,100.00000,0.19766,6.70586
869,10.0,1e-06,0.5,0.5,3.82021,99.21200,0.40605,4.43005
870,10.0,1e-05,0.005,0.5,0.21568,99.99440,53.60060,5.50903
871,10.0,1e-05,0.01,0.5,10.33265,99.40083,27.29763,6.01797
872,10.0,1e-05,0.02,0.5,6.36319,99.79130,47.16140,5.44133
873,10.0,1e-05,0.05,0.5,6.79185,98.97118,47.86116,5.19739
874,10.0,1e-05,0.1,0.5,2.40218,100.00000,2.51939,4.79158
875,10.0,1e-05,0.5,0.5,14.24905,100.00000,0.44381,6.32197
876,10.0,5e-05,0.005,0.5,6.93918,99.97443,42.87611,5.02065
877,10.0,5e-05,0.01,0.5,7.52016,99.99491,79.18455,3.62525
878,10.0,5e-05,0.02,0.5,13.16014,99.87147,56.44096,6.31128
879,10.0,5e-05,0.05,0.5,6.40668,99.90064,3.81438,4.27738
880,10.0,5e-05,0.1,0.5,0.17835,100.00000,1.89378,4.51762
881,10.0,5e-05,0.5,0.5,2.78191,100.00000,2.81115,5.63554
882,10.0,0.0001,0.005,0.5,1.40801,99.98227,25.07232,5.21553
883,10.0,0.0001,0.01,0.5,11.50229,99.99402,94.45522,4.18477
884,10.0,0.0001,0.02,0.5,20.57665,100.00000,34.46995,7.05845
885,10.0,0.0001,0.05,0.5,7.40138,99.98106,9.65494,6.04713
886,10.0,0.0001,0.1,0.5,6.68147,100.00000,2.52912,3.79732
887,10.0,0.0001,0.5,0.5,1.36174,99.96859,0.88805,5.13149
888,10.0,0.0005,0.005,0.5,15.87904,99.97314,199.68743,6.38099
889,10.0,0.0005,0.01,0.5,13.13384,99.98883,49.93436,7.29514
890,10.0,0.0005,0.02,0.5,3.42585,99.97340,36.42757,4.74821
891,10.0,0.0005,0.05,0.5,7.74081,99.99987,44.13272,6.61755
892,10.0,0.0005,0.1,0.5,10.04650,99.97621,1.53562,4.28453
893,10.0,0.0005,0.5,0.5,1.84189,99.98988,3.44473,5.15955
894,10.0,0.001,0.005,0.5,7.08196,99.97758,116.36514,6.07991
895,10.0,0.001,0.01,0.5,14.30112,99.97975,127.01641,4.94732
896,10.0,0.001,0.02,0.5,0.21744,99.97850,58.42184,5.60468
897,10.0,0.001,0.05,0.5,11.10257,99.98244,56.05733,4.25058
898,10.0,0.001,0.1,0.5,5.45959,99.98317,24.49034,4.25891
899,10.0,0.001,0.5,0.5,2.09553,99.98244,3.08395,6.10988
900,10.0,0.01,0.005,0.5,71.69582,99.97646,972.23033,2.98203
901,10.0,0.01,0.01,0.5,34.59437,99.98136,1935.65466,5.06257
902,10.0,0.01,0.02,0.5,71.86897,99.97612,157.88278,3.16483
903,10.0,0.01,0.05,0.5,21.64115,99.98084,361.17689,3.47636
904,10.0,0.01,0.1,0.5,30.68422,99.98078,182.93225,4.16435
905,10.0,0.01,0.5,0.5,24.55986,99.98068,35.96353,4.89085
906,10.0,0.1,0.005,0.5,99.41929,99.98526,96719.41590,1.62225
907,10.0,0.1,0.01,0.5,97.48923,99.98128,22716.28818,2.30420
908,10.0,0.1,0.02,0.5,99.40328,99.98598,24211.34656,2.90411
909,10.0,0.1,0.05,0.5,99.40319,99.98563,9686.80910,3.05798
910,10.0,0.1,0.1,0.5,99.40059,99.98567,4835.53632,2.78035
911,10.0,0.1,0.5,0.5,97.25750,99.98134,454.83674,3.15075
912,10.0,1e-06,0.005,2.0,0.61892,98.81073,397.48748,3.99430
913,10.0,1e-06,0.01,2.0,3.62401,100.00000,458.56148,4.13935
914,10.0,1e-06,0.02,2.0,0.21470,94.57637,39.97862,4.79905
915,10.0,1e-06,0.05,2.0,1.30341,100.00000,98.94774,5.39457
916,10.0,1e-06,0.1,2.0,7.36373,100.00000,2.28171,5.28784
917,10.0,1e-06,0.5,2.0,3.78768,100.00000,1.63758,5.20581
918,10.0,1e-05,0.005,2.0,11.60115,99.71978,100.00000,5.05704
919,10.0,1e-05,0.01,2.0,5.57998,100.00000,11.10121,5.34168
920,10.0,1e-05,0.02,2.0,0.96474,98.39315,99.99993,4.29276
921,10.0,1e-05,0.05,2.0,8.80586,98.63099,7.45158,6.06983
922,10.0,1e-05,0.1,2.0,7.76918,98.95582,8.88040,4.54222
923,10.0,1e-05,0.5,2.0,1.18608,98.73710,1.24018,5.49853
924,10.0,5e-05,0.005,2.0,12.79007,100.00000,328.25621,6.02806
925,10.0,5e-05,0.01,2.0,1.21126,99.96024,100.00000,6.04634
926,10.0,5e-05,0.02,2.0,1.52223,99.93765,100.00000,5.65616
927,10.0,5e-05,0.05,2.0,17.77472,99.85638,10.96214,6.60887
928,10.0,5e-05,0.1,2.0,0.77367,100.00000,0.71706,5.36726
929,10.0,5e-05,0.5,2.0,7.55300,99.80942,7.92528,6.00483
930,10.0,0.0001,0.005,2.0,12.54303,99.93808,141.66986,5.31628
931,10.0,0.0001,0.01,2.0,2.82233,100.00000,246.90932,4.95618
932,10.0,0.0001,0.02,2.0,12.65404,99.88923,62.98721,6.55441
933,10.0,0.0001,0.05,2.0,9.44105,99.96760,35.25831,4.62717
934,10.0,0.0001,0.1,2.0,14.63815,99.96654,7.63372,4.66063
935,10.0,0.0001,0.5,2.0,0.07433,99.96002,1.17454,4.15468
936,10.0,0.0005,0.005,2.0,2.47535,99.99668,608.37198,5.71131
937,10.0,0.0005,0.01,2.0,11.69489,100.00000,387.70537,4.66359
938,10.0,0.0005,0.02,2.0,1.13693,99.95915,99.99990,5.29408
939,10.0,0.0005,0.05,2.0,5.76635,99.99401,6.13112,6.43824
940,10.0,0.0005,0.1,2.0,16.90664,99.93199,71.51675,5.48518
941,10.0,0.0005,0.5,2.0,6.13463,99.97026,5.57017,4.12821
942,10.0,0.001,0.005,2.0,13.50198,99.98673,274.05438,6.14821
943,10.0,0.001,0.01,2.0,8.61496,99.99785,253.58458,7.43876
944,10.0,0.001,0.02,2.0,2.87950,99.96448,100.00000,4.70287
945,10.0,0.001,0.05,2.0,3.24072,99.96608,26.43809,5.51575
946,10.0,0.001,0.1,2.0,9.24845,99.98859,26.25835,5.42139
947,10.0,0.001,0.5,2.0,1.43735,100.00000,12.34461,4.17792
948,10.0,0.01,0.005,2.0,11.87957,99.98248,3663.18252,6.14357
949,10.0,0.01,0.01,2.0,7.52806,99.98087,1763.23198,5.26734
950,10.0,0.01,0.02,2.0,4.65346,99.98119,890.29631,7.00807
951,10.0,0.01,0.05,2.0,0.51155,99.98219,402.25699,5.66483
952,10.0,0.01,0.1,2.0,0.92796,99.98152,178.84538,5.84790
953,10.0,0.01,0.5,2.0,3.47725,99.98325,45.08122,5.65841
954,10.0,0.1,0.005,2.0,70.82462,99.98121,38003.52380,3.83078
955,10.0,0.1,0.01,2.0,69.16267,99.98120,18977.96414,3.42089
956,10.0,0.1,0.02,2.0,72.21881,99.98117,9590.83758,3.73214
957,10.0,0.1,0.05,2.0,70.48961,99.98143,3888.27281,3.13870
958,10.0,0.1,0.1,2.0,70.66162,99.98106,1858.28647,3.52743
959,10.0,0.1,0.5,2.0,71.42523,99.98123,374.53427,1.88563
960,20.0,1e-06,0.005,0.5,10.71633,100.00000,5.41336,10.82272
961,20.0,1e-06,0.01,0.5,15.59940,97.61948,4.07146,12.06739
962,20.0,1e-06,0.02,0.5,9.08475,99.99999,4.90774,11.23203
963,20.0,1e-06,0.05,0.5,12.17391,98.81148,5.02284,11.70734
964,20.0,1e-06,0.1,0.5,7.26023,100.00000,4.41292,10.87266
965,20.0,1e-06,0.5,0.5,15.83608,98.99593,0.28039,12.45043
966,20.0,1e-05,0.005,0.5,7.41754,99.72223,72.53448,10.77014
967,20.0,1e-05,0.01,0.5,9.04749,99.70842,74.09539,11.09442
968,20.0,1e-05,0.02,0.5,14.96368,99.58501,61.22771,11.89072
969,20.0,1e-05,0.05,0.5,14.64245,99.98863,1.62160,10.88794
970,20.0,1e-05,0.1,0.5,6.78790,99.87076,2.65285,10.00341
971,20.0,1e-05,0.5,0.5,11.00883,99.76021,0.59290,10.64931
972,20.0,5e-05,0.005,0.5,14.75950,99.98880,98.48789,12.31553
973,20.0,5e-05,0.01,0.5,9.39415,100.00000,6.29434,10.16005
974,20.0,5e-05,0.02,0.5,12.84956,99.92752,9.85367,10.84128
975,20.0,5e-05,0.05,0.5,16.42755,99.95024,4.37638,12.56372
976,20.0,5e-05,0.1,0.5,12.64488,99.96850,2.00866,10.13227
977,20.0,5e-05,0.5,0.5,10.70090,100.00000,0.62924,11.35387
978,20.0,0.0001,0.005,0.5,7.15666,99.98127,34.43558,10.74235
979,20.0,0.0001,0.01,0.5,19.49666,99.96288,5.41529,12.52765
980,20.0,0.0001,0.02,0.5,8.77637,100.00000,27.25882,10.71558
981,20.0,0.0001,0.05,0.5,5.82236,99.96830,3.31540,10.67165
982,20.0,0.0001,0.1,0.5,9.16703,99.96893,0.50510,10.63570
983,20.0,0.0001,0.5,0.5,4.23712,99.97851,0.16723,9.75832
984,20.0,0.0005,0.005,0.5,10.98991,99.98652,249.97269,10.33586
985,20.0,0.0005,0.01,0.5,14.45559,99.96672,96.57787,12.87487
986,20.0,0.0005,0.02,0.5,15.31728,99.98423,52.87035,10.71982
987,20.0,0.0005,0.05,0.5,16.16736,99.97902,17.87911,10.04433
988,20.0,0.0005,0.1,0.5,15.85167,99.98321,12.31469,11.75317
989,20.0,0.0005,0.5,0.5,13.54893,99.97857,1.67966,12.56070
990,20.0,0.001,0.005,0.5,8.28684,99.97914,355.96385,10.95714
991,20.0,0.001,0.01,0.5,6.51361,99.97088,98.91930,9.72110
992,20.0,0.001,0.02,0.5,11.70966,99.98126,111.40489,11.54773
993,20.0,0.001,0.05,0.5,19.17866,99.95790,97.29718,9.76344
994,20.0,0.001,0.1,0.5,4.59682,99.98338,20.65505,10.86698
995,20.0,0.001,0.5,0.5,11.16848,99.98215,3.98032,10.45357
996,20.0,0.01,0.005,0.5,39.62437,99.98086,3647.21323,8.07677
997,20.0,0.01,0.01,0.5,37.56301,99.98137,1909.86802,7.88927
998,20.0,0.01,0.02,0.5,41.04708,99.98106,933.51888,8.06953
999,20.0,0.01,0.05,0.5,38.54094,99.98135,381.09055,8.30857
1000,20.0,0.01,0.1,0.5,42.39947,99.98115,187.17734,7.66204
1001,20.0,0.01,0.5,0.5,40.14604,99.98115,36.73934,10.06053
1002,20.0,0.1,0.005,0.5,99.69752,99.98570,96992.12357,5.48404
1003,20.0,0.1,0.01,0.5,99.69531,99.98566,48421.37516,5.82398
1004,20.0,0.1,0.02,0.5,99.69560,99.98579,24218.54985,5.53102
1005,20.0,0.1,0.05,0.5,99.69539,99.98558,9684.88415,5.94965
1006,20.0,0.1,0.1,0.5,99.68930,99.98569,4847.00268,6.75222
1007,20.0,0.1,0.5,0.5,99.67155,99.98609,969.63538,4.99549
1008,20.0,1e-06,0.005,2.0,12.15760,99.99999,100.00000,10.83526
1009,20.0,1e-06,0.01,2.0,9.65141,92.69047,99.99999,10.76871
1010,20.0,1e-06,0.02,2.0,19.24593,100.00000,19.70309,12.37344
1011,20.0,1e-06,0.05,2.0,9.82692,92.99263,50.30857,10.47099
1012,20.0,1e-06,0.1,2.0,9.36885,95.96507,3.27922,10.98507
1013,20.0,1e-06,0.5,2.0,12.65938,100.00000,2.88017,12.57505
1014,20.0,1e-05,0.005,2.0,11.38878,100.00000,232.68521,12.53829
1015,20.0,1e-05,0.01,2.0,12.38566,99.84250,58.86494,11.76029
1016,20.0,1e-05,0.02,2.0,6.13333,100.00000,43.70648,11.37572
1017,20.0,1e-05,0.05,2.0,13.16772,100.00000,28.99746,12.31388
1018,20.0,1e-05,0.1,2.0,15.34650,100.00000,17.98999,12.45663
1019,20.0,1e-05,0.5,2.0,9.21041,100.00000,0.04772,11.77500
1020,20.0,5e-05,0.005,2.0,9.11688,100.00000,33.29930,10.55119
1021,20.0,5e-05,0.01,2.0,14.66370,99.99970,11.71554,11.05662
1022,20.0,5e-05,0.02,2.0,8.33358,99.94712,45.49234,11.43369
1023,20.0,5e-05,0.05,2.0,12.87333,99.74429,46.51005,12.15341
1024,20.0,5e-05,0.1,2.0,9.14914,100.00000,4.81846,12.00190
1025,20.0,5e-05,0.5,2.0,11.14219,99.75320,1.28698,12.39008
1026,20.0,0.0001,0.005,2.0,8.44643,100.00000,100.00000,9.95337
1027,20.0,0.0001,0.01,2.0,10.57967,100.00000,75.19132,11.39268
1028,20.0,0.0001,0.02,2.0,10.58171,100.00000,75.36622,12.89136
1029,20.0,0.0001,0.05,2.0,10.80688,99.97787,24.23283,11.31134
1030,20.0,0.0001,0.1,2.0,12.68804,100.00000,7.10358,11.64226
1031,20.0,0.0001,0.5,2.0,8.65329,99.87015,4.82711,10.73645
1032,20.0,0.0005,0.005,2.0,15.53909,99.99613,382.25570,12.91049
1033,20.0,0.0005,0.01,2.0,14.62370,99.99242,44.31680,12.97555
1034,20.0,0.0005,0.02,2.0,13.74973,99.96930,24.64576,10.91564
1035,20.0,0.0005,0.05,2.0,11.30654,99.97664,16.94510,9.54448
1036,20.0,0.0005,0.1,2.0,12.53460,99.96310,8.69564,10.67036
1037,20.0,0.0005,0.5,2.0,11.82609,99.97579,1.21601,11.72984
1038,20.0,0.001,0.005,2.0,18.17588,99.98848,365.02391,12.73104
1039,20.0,0.001,0.01,2.0,11.39995,99.98733,330.77298,10.05244
1040,20.0,0.001,0.02,2.0,10.74190,99.97491,111.09024,10.10741
1041,20.0,0.001,0.05,2.0,16.87286,99.98481,41.51515,11.27662
1042,20.0,0.001,0.1,2.0,9.32493,99.99278,27.34401,10.67289
1043,20.0,0.001,0.5,2.0,7.86036,99.98190,6.25486,12.44085
1044,20.0,0.01,0.005,2.0,7.75845,99.98079,3269.16044,10.63817
1045,20.0,0.01,0.01,2.0,4.98583,99.98208,1923.72968,11.33134
1046,20.0,0.01,0.02,2.0,6.78505,99.98164,937.78049,10.67876
1047,20.0,0.01,0.05,2.0,11.02876,99.98207,411.84196,12.22931
1048,20.0,0.01,0.1,2.0,10.45468,99.98039,195.66603,12.29081
1049,20.0,0.01,0.5,2.0,9.53806,99.98085,36.84656,9.84566
1050,20.0,0.1,0.005,2.0,81.85565,99.98126,38307.55151,5.17145
1051,20.0,0.1,0.01,2.0,81.94471,99.98115,18693.04023,6.04971
1052,20.0,0.1,0.02,2.0,81.60929,99.98126,9424.35588,5.33530
1053,20.0,0.1,0.05,2.0,82.09940,99.98133,3789.77186,6.90079
1054,20.0,0.1,0.1,2.0,82.78283,99.98127,1865.84857,5.52301
1055,20.0,0.1,0.5,2.0,82.07193,99.98126,382.04713,6.81083
